"alpha","label","lambda_min","cv_rmse_levels_train_subset","RMSE_train_levels","RMSE_test_levels","RMSLE_test_log1p","n_nonzero_coef_at_lambda_min","elapsed_seconds"
0.25,"elastic_net_0.25",162.775015765207,14213.06751972,13909.0480028113,11671.8876195914,3.18384833469196,208,14.831
0.75,"elastic_net_0.75",59.5484596184756,14180.7370857668,13909.0716297714,11675.0198876889,3.19248359735184,206,14.78
0.5,"elastic_net_0.50",81.3875078826033,14184.5663161795,13907.0934297271,11677.0919396138,3.19012239173555,208,14.361
0,"ridge",678.812728101723,14204.8339045111,13903.3147292252,11681.871343391,3.19276703432827,220,16.322
1,"lasso",37.078632997842,14196.1046274842,13904.113820615,11683.5190180969,3.19757545322247,208,14.413
