"alpha","label","lambda_min","cv_rmse_levels_train_subset","RMSE_train_levels","RMSE_test_levels","RMSLE_test_log1p","n_nonzero_coef_at_lambda_min","elapsed_seconds"
0,"ridge",788.016993918532,9902.674903377,9346.41695647868,31397.2787837338,3.62936217449632,220,4.169
0.25,"elastic_net_0.25",142.94245319045,9903.54366044926,9341.55832270598,31400.2201022052,3.67830601160873,215,3.347
1,"lasso",51.8462561893782,9934.3579997769,9353.5667526427,31400.5114128278,3.69143885134948,209,3.06
0.5,"elastic_net_0.50",86.0873454605859,9918.62457382641,9345.95248217344,31400.5114959012,3.68585329082754,212,3.161
0.75,"elastic_net_0.75",62.9871702450448,9905.69255699714,9349.14204373855,31400.5478606192,3.68880608097612,209,3.322
